Audio File	Object Path	Event
C:\Users\stuwj\Documents\Coding\ror2-lightning\art\audio\source\Footstep.wav	\Actor-Mixer Hierarchy\Default Work Unit\<Sound SFX>HS_Footstep	Play_HS_Footstep
C:\Users\stuwj\Documents\Coding\ror2-lightning\art\audio\source\FootstepRun.wav	\Actor-Mixer Hierarchy\Default Work Unit\<Sound SFX>HS_FootstepRun	Play_HS_FootstepRun
C:\Users\stuwj\Documents\Coding\ror2-lightning\art\audio\source\Land.wav	\Actor-Mixer Hierarchy\Default Work Unit\<Sound SFX>HS_Land	Play_HS_Land
C:\Users\stuwj\Documents\Coding\ror2-lightning\art\audio\source\AirJump.wav	\Actor-Mixer Hierarchy\Default Work Unit\<Sound SFX>HS_AirJump	Play_HS_AirJump
C:\Users\stuwj\Documents\Coding\ror2-lightning\art\audio\source\GlideEnter.wav	\Actor-Mixer Hierarchy\Default Work Unit\<Sound SFX>HS_GlideEnter	Play_HS_GlideEnter
C:\Users\stuwj\Documents\Coding\ror2-lightning\art\audio\source\GlideExit.wav	\Actor-Mixer Hierarchy\Default Work Unit\<Sound SFX>HS_GlideExit	Play_HS_GlideExit
C:\Users\stuwj\Documents\Coding\ror2-lightning\art\audio\source\GlideLoop.wav	\Actor-Mixer Hierarchy\Default Work Unit\<Sound SFX>HS_GlideLoop	Play_HS_GlideLoop
C:\Users\stuwj\Documents\Coding\ror2-lightning\art\audio\source\CircuitLoop.wav	\Actor-Mixer Hierarchy\Default Work Unit\<Sound SFX>HS_CircuitLoop	Play_HS_CircuitLoop
C:\Users\stuwj\Documents\Coding\ror2-lightning\art\audio\source\ArcBoltCast.wav	\Actor-Mixer Hierarchy\Default Work Unit\<Sound SFX>HS_ArcBoltCast	Play_HS_ArcBoltCast
C:\Users\stuwj\Documents\Coding\ror2-lightning\art\audio\source\BoltImpact.wav	\Actor-Mixer Hierarchy\Default Work Unit\<Sound SFX>HS_BoltImpact	Play_HS_BoltImpact
C:\Users\stuwj\Documents\Coding\ror2-lightning\art\audio\source\ChainHop.wav	\Actor-Mixer Hierarchy\Default Work Unit\<Sound SFX>HS_ChainHop	Play_HS_ChainHop
C:\Users\stuwj\Documents\Coding\ror2-lightning\art\audio\source\SpearThrow.wav	\Actor-Mixer Hierarchy\Default Work Unit\<Sound SFX>HS_SpearThrow	Play_HS_SpearThrow
C:\Users\stuwj\Documents\Coding\ror2-lightning\art\audio\source\SpearImpact.wav	\Actor-Mixer Hierarchy\Default Work Unit\<Sound SFX>HS_SpearImpact	Play_HS_SpearImpact
C:\Users\stuwj\Documents\Coding\ror2-lightning\art\audio\source\ArcStepStart.wav	\Actor-Mixer Hierarchy\Default Work Unit\<Sound SFX>HS_ArcStepStart	Play_HS_ArcStepStart
C:\Users\stuwj\Documents\Coding\ror2-lightning\art\audio\source\ArcStepEnd.wav	\Actor-Mixer Hierarchy\Default Work Unit\<Sound SFX>HS_ArcStepEnd	Play_HS_ArcStepEnd
C:\Users\stuwj\Documents\Coding\ror2-lightning\art\audio\source\CircuitUnfold.wav	\Actor-Mixer Hierarchy\Default Work Unit\<Sound SFX>HS_CircuitUnfold	Play_HS_CircuitUnfold
C:\Users\stuwj\Documents\Coding\ror2-lightning\art\audio\source\CircuitOpen.wav	\Actor-Mixer Hierarchy\Default Work Unit\<Sound SFX>HS_CircuitOpen	Play_HS_CircuitOpen
C:\Users\stuwj\Documents\Coding\ror2-lightning\art\audio\source\CircuitPulse.wav	\Actor-Mixer Hierarchy\Default Work Unit\<Sound SFX>HS_CircuitPulse	Play_HS_CircuitPulse
C:\Users\stuwj\Documents\Coding\ror2-lightning\art\audio\source\CircuitClose.wav	\Actor-Mixer Hierarchy\Default Work Unit\<Sound SFX>HS_CircuitClose	Play_HS_CircuitClose
C:\Users\stuwj\Documents\Coding\ror2-lightning\art\audio\source\MeterFull.wav	\Actor-Mixer Hierarchy\Default Work Unit\<Sound SFX>HS_MeterFull	Play_HS_MeterFull
C:\Users\stuwj\Documents\Coding\ror2-lightning\art\audio\source\ChargeTick.wav	\Actor-Mixer Hierarchy\Default Work Unit\<Sound SFX>HS_ChargeTick	Play_HS_ChargeTick
C:\Users\stuwj\Documents\Coding\ror2-lightning\art\audio\source\Electrocute.wav	\Actor-Mixer Hierarchy\Default Work Unit\<Sound SFX>HS_Electrocute	Play_HS_Electrocute
C:\Users\stuwj\Documents\Coding\ror2-lightning\art\audio\source\StaticTier.wav	\Actor-Mixer Hierarchy\Default Work Unit\<Sound SFX>HS_StaticTier	Play_HS_StaticTier
C:\Users\stuwj\Documents\Coding\ror2-lightning\art\audio\source\ThunderTelegraph.wav	\Actor-Mixer Hierarchy\Default Work Unit\<Sound SFX>HS_ThunderTelegraph	Play_HS_ThunderTelegraph
C:\Users\stuwj\Documents\Coding\ror2-lightning\art\audio\source\ThunderRelease.wav	\Actor-Mixer Hierarchy\Default Work Unit\<Sound SFX>HS_ThunderRelease	Play_HS_ThunderRelease
C:\Users\stuwj\Documents\Coding\ror2-lightning\art\audio\source\ThunderStrike.wav	\Actor-Mixer Hierarchy\Default Work Unit\<Sound SFX>HS_ThunderStrike	Play_HS_ThunderStrike
C:\Users\stuwj\Documents\Coding\ror2-lightning\art\audio\source\SpearRecall.wav	\Actor-Mixer Hierarchy\Default Work Unit\<Sound SFX>HS_SpearRecall	Play_HS_SpearRecall
C:\Users\stuwj\Documents\Coding\ror2-lightning\art\audio\source\SpearCatch.wav	\Actor-Mixer Hierarchy\Default Work Unit\<Sound SFX>HS_SpearCatch	Play_HS_SpearCatch
C:\Users\stuwj\Documents\Coding\ror2-lightning\art\audio\source\FanLoop.wav	\Actor-Mixer Hierarchy\Default Work Unit\<Sound SFX>HS_FanLoop	Play_HS_FanLoop
C:\Users\stuwj\Documents\Coding\ror2-lightning\art\audio\source\FanStart.wav	\Actor-Mixer Hierarchy\Default Work Unit\<Sound SFX>HS_FanStart	Play_HS_FanStart
C:\Users\stuwj\Documents\Coding\ror2-lightning\art\audio\source\FanEnd.wav	\Actor-Mixer Hierarchy\Default Work Unit\<Sound SFX>HS_FanEnd	Play_HS_FanEnd
C:\Users\stuwj\Documents\Coding\ror2-lightning\art\audio\source\SpearPulse.wav	\Actor-Mixer Hierarchy\Default Work Unit\<Sound SFX>HS_SpearPulse	Play_HS_SpearPulse
C:\Users\stuwj\Documents\Coding\ror2-lightning\art\audio\source\SpearStruck.wav	\Actor-Mixer Hierarchy\Default Work Unit\<Sound SFX>HS_SpearStruck	Play_HS_SpearStruck
